"0",""
"0","library(tidyverse)"
"0","library(knitr)"
"2","Warning: package ‘knitr’ was built under R version 4.2.2"
"0","library(leaflet)"
"2","Warning: package ‘leaflet’ was built under R version 4.2.2"
"0","library(hexbin)"
"2","Warning: package ‘hexbin’ was built under R version 4.2.2"
"0","library(readr)"
"0","library(tidyr)"
"0","library(dplyr)"
"0","library(ggplot2)"
"0","library(ggfortify)"
"0","library(emmeans)"
"0","library(multcomp)"
"0","library(HH)"
"0",""
"0","#knitr::opts_chunk$set(fig.width = 5, fig.asp = 1/3) #force figures to be a certain size and aspect ratio"
"0","#opts_chunk$set(echo=FALSE) "
