year,2005,,,,year,2015,,
,,,,,,,,
Row Labels,Sum of numcol,Sum of totalprod,Sum of nAllNeonic,,Row Labels,Sum of numcol,Sum of totalprod,Sum of nAllNeonic
Midwest,969000,78623000,370328.1,,Midwest,1186000,79320000,145768.3
Northeast,113000,7013000,28547.4,,Northeast,102000,5551000,18446.2
South,441000,32511000,209643.4,,South,554000,33138000,222221
West,871000,55822000,117417.5,,West,788000,37367000,414633.5
Grand Total,2394000,1.74E+08,725936.4,,Grand Total,2630000,1.55E+08,801069
,,,,,,,,
,,,,,,,,
year,2005,,,,year,2015,,
,,,,,,,,
Row Labels,Sum of numcol,Sum of totalprod,Sum of nAllNeonic,,Row Labels,Sum of numcol,Sum of totalprod,Sum of nAllNeonic
Midwest,969000,78623000,370328.1,,Midwest,1186000,79320000,145768.3
Northeast,113000,7013000,28547.4,,Northeast,102000,5551000,18446.2
South,441000,32511000,209643.4,,South,554000,33138000,222221
West,871000,55822000,117417.5,,West,788000,37367000,414633.5
Grand Total,2394000,173969000,725936.4,,Grand Total,2630000,155376000,801069
